model,en,bn,de,id,ko,pt,ru,zh,avg
uc2,55.193461618042626,19.987585350713843,42.85123111938754,28.667494309952414,21.363542313262982,30.415890751086284,30.995241051106976,31.160769708255742,29.348822086252255
m3p,53.745085867990895,18.642665011380092,33.41609766190772,32.4849989654459,25.108628181253877,31.398717152907096,27.49844816883923,28.646803227808814,28.170908338506102
