model,en,bn,de,id,ko,pt,ru,zh,avg
uc2,55.193461618042626,49.30684874818953,52.60707635009311,50.34140285536933,48.62404303745086,52.17256362507759,49.94827229464101,48.324022346368714,50.189175608170025
m3p,53.745085867990895,47.786054210635214,51.01386302503621,49.34823091247672,47.641216635630045,51.21042830540037,47.75501758741982,47.04117525346575,48.827997990009166
